{
  "train": {
    "mae": 4.847023128077485,
    "rmse": 5.988184488558747,
    "r2": 0.8742280246749905,
    "mape": 3.7777539274105494
  },
  "val": {
    "mae": 14.53286561533393,
    "rmse": 16.018929920943126,
    "r2": -0.8904184434689206,
    "mape": 8.635824287932547
  },
  "test": {
    "mae": 13.38756635104307,
    "rmse": 15.06217114537894,
    "r2": -3.0391596236237897,
    "mape": 8.186582408331462
  }
}